<?xml version="1.0" encoding="utf-8"?>
<extension type="cliapp" version="2.5">
  <name>Doctors</name>
  <creationDate>08-Nov-2012</creationDate>
  <author>Vishal Dubey</author>
  <authorEmail>vishal@ourteam.co.in</authorEmail>
  <authorUrl>http://www.ourteam.co.in</authorUrl>
  <copyright>2012</copyright>
  <license>http://www.gnu.org/licenses/gpl-2.0.html GNU/GPL</license>
  <version>1.0</version>
  <description>This application shows how to override the constructor and connect to the database.</description>
  <files folder="site">
    <filename>configuration.php</filename>
    <filename>doctors.php</filename>
  </files>
  <params/>
  <config/>
</extension>
